day,hour,station,avgStatN,avgStatS
1,7,0,2.19318,1.09091
1,7,1,2.23864,1
1,7,2,2.36364,1.36364
1,7,3,2.31818,1.40909
1,7,4,2.42045,2.01136
1,7,5,2.52273,2.53409
1,7,6,1.93182,2.42045
1,7,7,1.625,2.30682
1,7,8,1.54545,1.18182
1,7,9,1.34091,1.13636
1,7,10,2.27273,1.70455
1,7,11,2.23864,1.82955
1,7,12,1.81818,1.40909
1,7,13,1.84091,1.09091
1,7,14,2.625,1.29545
1,7,15,2.67045,1.71591
1,7,16,2.79545,2.04545
1,7,17,2.38636,1.72727
1,7,18,1.88636,1.45455
