day,hour,station,avgStatN,avgStatS
3,11,1,1.37363,1
3,11,2,1.73626,1.35165
3,11,3,1.84615,1.15385
3,11,3,1.84615,1.15385
3,11,4,2.17582,1.52747
3,11,5,2.28571,2.47253
3,11,6,1.42857,2.40659
3,11,7,1.25275,2.0989
3,11,8,1.26374,1.10989
3,11,9,1.27472,1.21978
3,11,10,2.18681,2.12088
3,11,11,2.21978,2.05494
3,11,12,1.8022,1.82418
3,11,13,1.83517,1.08791
3,11,14,2.7033,1.26374
3,11,15,2.78022,1.83517
3,11,16,2.82418,2.63736
3,11,17,1.81319,2.53846
3,11,18,1.51648,2.27472
