day,hour,station,avgStatN,avgStatS
3,8,1,1.86957,1
3,8,2,2.05435,1.40217
3,8,3,2.1087,1.3587
3,8,3,2.1087,1.3587
3,8,4,1.97826,1.67391
3,8,5,2.38043,2.33696
3,8,6,1.59783,2.03261
3,8,7,1.38043,1.81522
3,8,8,1.33696,1.15217
3,8,9,1.21739,1.21739
3,8,10,2.31522,1.77174
3,8,11,2.23913,1.67391
3,8,12,2.04348,1.52174
3,8,13,2.15217,1.08696
3,8,14,2.88043,1.23913
3,8,15,2.92391,1.71739
3,8,16,2.93478,2.51087
3,8,17,2.32609,2.25
3,8,18,1.86957,1.90217
