day,hour,station,avgStatN,avgStatS
3,9,1,1.38889,1
3,9,2,1.66667,1.4
3,9,3,1.55556,1.3
3,9,3,1.55556,1.3
3,9,4,1.74444,1.65556
3,9,5,2.07778,2.26667
3,9,6,1.51111,1.83333
3,9,7,1.26667,1.66667
3,9,8,1.3,1.08889
3,9,9,1.24444,1.2
3,9,10,2.38889,1.9
3,9,11,2.31111,1.78889
3,9,12,1.8,1.62222
3,9,13,2.17778,1.08889
3,9,14,2.86667,1.35556
3,9,15,2.87778,1.92222
3,9,16,2.95556,2.63333
3,9,17,2.37778,2.34444
3,9,18,1.83333,1.9
