day,hour,station,avgStatN,avgStatS
4,9,0,1.6,1.08889
4,9,1,1.63333,1
4,9,2,1.58889,1.18889
4,9,3,1.38889,1.18889
4,9,4,1.85556,1.47778
4,9,5,2.02222,2.27778
4,9,6,1.15556,1.95556
4,9,7,1.26667,1.57778
4,9,8,1.45556,1.11111
4,9,9,1.25556,1.22222
4,9,10,2.07778,1.61111
4,9,11,2.16667,1.52222
4,9,12,1.43333,1.34444
4,9,13,1.95556,1
4,9,14,2.7,1.34444
4,9,15,2.76667,1.8
4,9,16,2.76667,2.47778
4,9,17,2.22222,2.21111
4,9,18,1.75556,2.01111
